{
"rhop0": [1725.0, 2200.0, 2650.0],

"rh": [0.00, 0.05, 0.10, 0.15, 0.20, 0.25, 0.30, 0.35, 0.40, 0.45, 0.50,
     0.55, 0.60, 0.65, 0.70, 0.75, 0.80, 0.81, 0.82, 0.83, 0.84, 0.85,
     0.86, 0.87, 0.88, 0.89, 0.90, 0.91, 0.92, 0.93, 0.94, 0.95, 0.96,
     0.97, 0.98, 0.99],

"rhDep": {"type": "simple", "params":{
"gf": [1.0  , 1.1024, 1.1448, 1.1872, 1.2296, 1.272 , 1.3038, 1.3462,
       1.3886, 1.431 , 1.4734, 1.5158, 1.5476, 1.59  , 1.6324, 1.6854,
       1.7384, 1.749 , 1.7596, 1.7702, 1.7808, 1.7914, 1.8126, 1.8232,
       1.8444, 1.855 , 1.8762, 1.8974, 1.9292, 1.9504, 1.9822, 2.0246,
       2.0564, 2.1094, 2.173 , 2.2896]}},

"psd": {"type": "lognorm", "params":{
"r0": [[4.45480907e-08], [5.99685837e-07], [2.33161301e-06]],
"rmin0": [[1e-9], [1e-9], [1e-9]],
"rmax0": [[10.0e-6], [1e-4], [1.0e-4]],
"sigma": [[2.03], [2.03], [2.0]],
"numperdec": [800, 800, 800],
"fracs": [[1.0], [1.0], [1.0]]}},

"ri": {"format": "wsv", "path": ["data/ri-nitrate.wsv"]}
}
